topic,class,count,avg_lat_ms,p95_lat_ms,p99_lat_ms,jitter_std_ms,ipdv_std_ms,deadline_missrate_1ms,deadline_missrate_50ms,loss_rate
/control/command/actuation_cmd,Critical,11647,0.611,0.984,2.199,0.328,0.465,0.047909,,0.0
/control/command/control_cmd,Critical,11651,0.556,0.847,2.159,0.316,0.447,0.03931,,0.0
/control/command/emergency_cmd,Critical,11632,0.562,0.869,2.099,0.308,0.434,0.038858,,0.0
/control/command/gear_cmd,Critical,5817,0.571,0.877,2.043,0.3,0.424,0.041602,,0.0
/control/trajectory_follower/control_cmd,Critical,11645,0.551,0.79,1.91,0.28,0.396,0.032031,,0.0
/system/emergency/control_cmd,Critical,11906,0.254,0.457,0.565,0.104,0.166,0.0,,0.0
/system/emergency/gear_cmd,Critical,5952,0.268,0.499,0.611,0.107,0.15,0.0,,0.0
/system/emergency_holding,Critical,5941,0.435,0.711,0.837,0.153,0.214,0.000505,,0.0
/system/fail_safe/mrm_state,Critical,5945,0.353,0.58,0.687,0.126,0.178,0.0,,0.0
/control/command/hazard_lights_cmd,Soft Real-Time,5805,0.504,0.942,2.074,0.31,0.434,,0.0,0.0
/control/command/turn_indicators_cmd,Soft Real-Time,5819,0.42,0.734,1.663,0.28,0.393,,0.0,0.0
/localization/kinematic_state,Soft Real-Time,11905,13.366,32.354,42.135,6.56,8.982,,0.000252,0.0
/localization/pose_estimator/pose,Soft Real-Time,5948,23.612,45.503,53.344,9.174,13.904,,0.02774,0.0
/localization/pose_estimator/pose_with_covariance,Soft Real-Time,5948,24.245,45.95,53.425,9.111,13.924,,0.030767,0.0
/localization/pose_twist_fusion_filter/pose,Soft Real-Time,11894,6.626,16.559,32.383,5.604,8.031,,0.0,0.0
/localization/pose_twist_fusion_filter/twist,Soft Real-Time,11917,9.687,18.932,32.735,5.87,8.11,,0.0,0.0
/localization/pose_twist_fusion_filter/twist_with_covariance,Soft Real-Time,11919,9.454,19.309,32.723,5.945,8.132,,0.0,0.0
/localization/pose_with_covariance,Soft Real-Time,11904,6.707,15.7,32.553,5.607,7.791,,0.0,0.0
/localization/twist_estimator/twist_with_covariance,Soft Real-Time,11911,15.572,36.103,45.079,9.02,13.222,,0.004785,0.0
/sensing/gnss/pose_with_covariance,Soft Real-Time,1173,2.043,8.465,15.271,3.112,4.459,,0.0,0.0
/sensing/imu/imu_data,Soft Real-Time,11922,1.864,8.689,14.484,3.201,4.697,,0.0,0.0
/sensing/vehicle_velocity_converter/twist_with_covariance,Soft Real-Time,11903,12.473,32.533,44.264,9.527,13.748,,0.00126,0.0
/system/emergency/hazard_lights_cmd,Soft Real-Time,5952,0.509,1.447,1.947,0.513,0.726,,0.0,0.0
/system/emergency/hazard_status,Soft Real-Time,5952,1.438,1.63,2.843,0.266,0.375,,0.0,0.0
/system/mrm/emergency_stop/status,Soft Real-Time,11906,0.36,1.38,1.624,0.406,0.626,,0.0,0.0
/vehicle/status/actuation_status,Soft Real-Time,11932,0.26,0.425,1.329,0.232,0.331,,0.0,0.0
/vehicle/status/control_mode,Soft Real-Time,11932,0.363,0.658,1.526,0.275,0.392,,0.0,0.0
/vehicle/status/gear_status,Soft Real-Time,11933,0.371,0.699,1.55,0.274,0.39,,0.0,0.0
/vehicle/status/steering_status,Soft Real-Time,11931,0.355,0.627,1.591,0.288,0.41,,0.0,0.0
/vehicle/status/velocity_status,Soft Real-Time,11933,0.302,0.503,1.309,0.237,0.336,,0.0,0.0
/perception/object_recognition/detection/centerpoint/objects,Perception,5954,36.981,63.564,73.978,12.604,16.374,,,0.000671
/perception/object_recognition/detection/detection_by_tracker/objects,Perception,5942,37.639,63.867,74.553,12.258,15.874,,,0.000673
/perception/object_recognition/detection/objects,Perception,5963,36.508,62.881,73.443,12.321,15.88,,,0.000503
/perception/object_recognition/objects,Perception,5951,12.729,23.923,34.102,5.988,8.768,,,0.0
/perception/object_recognition/prediction/maneuver,Perception,5952,12.469,23.888,34.131,6.015,8.892,,,0.0
/perception/object_recognition/tracking/objects,Perception,5965,12.041,24.171,34.703,6.011,8.881,,,0.0
/perception/occupancy_grid_map/map,Perception,5948,39.862,66.043,76.344,12.221,15.843,,,0.0
/sensing/camera/main/image_raw,Perception,3088,356.624,385.51,399.097,22.27,40.122,,,0.469416
/sensing/lidar/concatenated/pointcloud,Perception,4318,272.713,354.629,373.947,45.02,59.047,,,0.257182
/sensing/lidar/top/pointcloud,Perception,4222,285.027,366.049,376.386,45.547,59.619,,,0.273197
/control/autonomous_emergency_braking/debug/markers,Best-Effort,1747,1188.453,1410.05,1568.536,267.102,269.13,,,0.727244
/control/autonomous_emergency_braking/debug/processing_time_detail_ms,Best-Effort,1809,1183.037,1417.132,1561.611,274.692,274.28,,,0.717564
/control/autonomous_emergency_braking/metrics,Best-Effort,1769,1187.173,1411.123,2049.393,280.192,270.164,,,0.723853
/control/autonomous_emergency_braking/virtual_wall,Best-Effort,1752,1186.956,1409.004,1567.151,266.457,270.943,,,0.726464
/control/autoware_operation_mode_transition_manager/debug_info,Best-Effort,1603,1165.332,1410.947,1491.28,210.606,287.139,,,0.724049
/control/command/control_cmd/debug/published_time,Best-Effort,2879,1207.291,1448.996,1514.149,203.884,236.009,,,0.752131
/control/control_evaluator/debug/processing_time_ms,Best-Effort,1611,1164.122,1415.477,1490.421,205.941,289.227,,,0.722624
/control/control_evaluator/metrics,Best-Effort,1617,1164.114,1418.295,1499.148,229.084,292.792,,,0.721687
/control/control_validator/debug/marker,Best-Effort,2894,1221.875,1456.273,1632.182,267.289,230.521,,,0.751225
/control/control_validator/debug/processing_time_ms,Best-Effort,2895,1222.854,1456.729,1726.568,270.433,230.889,,,0.75116
/control/control_validator/validation_status,Best-Effort,2896,1222.04,1456.213,1712.902,270.424,230.369,,,0.751074
/control/control_validator/virtual_wall,Best-Effort,2899,1222.667,1456.981,3022.411,273.663,230.772,,,0.750859
/control/trajectory_follower/control_cmd/debug/published_time,Best-Effort,2874,1208.084,1449.664,1535.032,203.547,235.201,,,0.752199
/control/trajectory_follower/controller_node_exe/debug/predicted_trajectory_in_frenet_coordinate,Best-Effort,2890,1202.718,1445.988,1539.373,203.616,235.831,,,0.75112
/control/trajectory_follower/controller_node_exe/debug/resampled_reference_trajectory,Best-Effort,2949,1199.779,1448.124,1546.481,220.166,232.794,,,0.746432
/control/trajectory_follower/controller_node_exe/lateral/debug/processing_time_ms,Best-Effort,2870,1206.85,1447.386,1522.875,203.154,235.192,,,0.752373
/control/trajectory_follower/controller_node_exe/longitudinal/debug/processing_time_ms,Best-Effort,2872,1210.355,1450.347,1538.438,215.424,231.856,,,0.752755
/control/trajectory_follower/controller_node_exe/output/debug_marker,Best-Effort,2869,1208.127,1449.471,1522.65,203.627,234.815,,,0.752949
/control/trajectory_follower/controller_node_exe/output/estimated_steer_offset,Best-Effort,2875,1205.819,1445.65,1535.741,206.244,231.349,,,0.752433
/control/trajectory_follower/lane_departure_checker_node/debug/deviation/lateral,Best-Effort,1600,1164.933,1409.779,1477.909,205.607,286.625,,,0.724233
/control/trajectory_follower/lane_departure_checker_node/debug/deviation/yaw,Best-Effort,1602,1164.908,1411.004,1485.363,211.453,287.564,,,0.724221
/control/trajectory_follower/lane_departure_checker_node/debug/deviation/yaw_deg,Best-Effort,1620,1165.602,1418.487,1490.106,217.394,291.737,,,0.72117
/control/trajectory_follower/lane_departure_checker_node/debug/marker_array,Best-Effort,1608,1169.303,1412.671,1488.153,216.375,288.651,,,0.72295
/control/trajectory_follower/lane_departure_checker_node/debug/processing_time_ms,Best-Effort,1633,1179.038,1422.308,1560.364,269.468,289.013,,,0.719078
/control/trajectory_follower/lane_departure_checker_node/debug/processing_time_ms_diag,Best-Effort,1636,1177.468,1421.904,1544.129,273.049,290.001,,,0.718513
/control/trajectory_follower/lateral/diagnostic,Best-Effort,2880,1206.074,1446.841,1537.054,209.407,231.608,,,0.752045
/control/trajectory_follower/lateral/predicted_trajectory,Best-Effort,2866,1205.811,1445.123,1523.801,203.138,234.829,,,0.753186
/control/trajectory_follower/longitudinal/diagnostic,Best-Effort,2868,1207.577,1448.025,1535.821,206.634,232.151,,,0.753035
/control/vehicle_cmd_gate/debug/processing_time_ms,Best-Effort,1588,1169.292,1410.988,1484.742,198.005,289.867,,,0.726065
/control/vehicle_cmd_gate/is_filter_activated/marker_raw,Best-Effort,2874,1207.787,1449.202,1521.802,203.462,235.597,,,0.752156
/localization/debug/ellipse_marker,Best-Effort,11642,322.097,399.002,402.859,44.688,59.529,,,0.0
/localization/pose_estimator/exe_time_ms,Best-Effort,5812,346.005,399.984,402.864,37.792,54.472,,,0.0
/localization/pose_twist_fusion_filter/debug/processing_time_ms,Best-Effort,11629,322.218,399.135,402.898,44.684,59.75,,,0.0
/localization/pose_twist_fusion_filter/debug/stop_flag,Best-Effort,11624,316.234,397.954,402.461,45.426,58.139,,,0.0
/localization/pose_twist_fusion_filter/pose_instability_detector/debug/diff_pose,Best-Effort,1160,303.248,357.913,367.908,40.562,56.24,,,0.0
/localization/util/crop_box_filter_measurement_range/debug/cyclic_time_ms,Best-Effort,5818,284.677,366.296,396.764,49.24,58.319,,,0.0
/localization/util/crop_box_filter_measurement_range/debug/pipeline_latency_ms,Best-Effort,5816,286.89,367.604,398.508,49.76,59.154,,,0.0
/localization/util/crop_box_filter_measurement_range/debug/processing_time_ms,Best-Effort,5817,285.572,366.668,397.56,49.428,58.529,,,0.0
/localization/util/downsample/pointcloud/debug/published_time,Best-Effort,5811,339.908,400.898,403.716,43.144,62.279,,,0.0
/localization/util/measurement_range/pointcloud/debug/published_time,Best-Effort,5811,293.6,372.048,400.372,49.904,59.686,,,0.0
/localization/util/voxel_grid_downsample/pointcloud/debug/published_time,Best-Effort,5811,323.143,399.712,403.346,49.305,69.164,,,0.0
/perception/object_recognition/detection/centerpoint/lidar_centerpoint/debug/cyclic_time_ms,Best-Effort,5811,341.266,395.289,397.781,37.877,54.691,,,0.0
/perception/object_recognition/detection/centerpoint/lidar_centerpoint/debug/pipeline_latency_ms,Best-Effort,5818,341.035,395.146,397.616,37.979,54.684,,,0.0
/perception/object_recognition/detection/centerpoint/lidar_centerpoint/debug/processing_time_ms,Best-Effort,5808,341.315,395.326,397.822,37.882,54.696,,,0.0
/perception/object_recognition/detection/centerpoint/objects/debug/published_time,Best-Effort,5813,341.238,395.286,397.775,37.884,54.663,,,0.0
/perception/object_recognition/detection/centerpoint/validation/objects/debug/published_time,Best-Effort,5817,341.084,395.231,397.664,37.955,54.665,,,0.0
/perception/object_recognition/detection/clustering/debug/clusters,Best-Effort,5814,341.622,395.52,398.014,37.867,54.616,,,0.0
/perception/object_recognition/detection/clustering/objects/debug/published_time,Best-Effort,5816,341.503,395.416,397.896,37.938,54.66,,,0.0
/perception/object_recognition/detection/clustering/objects_with_feature/debug/published_time,Best-Effort,5818,341.437,395.369,397.886,37.945,54.646,,,0.0
/perception/object_recognition/detection/clustering/shape_estimation/debug/cyclic_time_ms,Best-Effort,5813,341.625,395.479,397.909,37.865,54.652,,,0.0
/perception/object_recognition/detection/clustering/shape_estimation/debug/processing_time_ms,Best-Effort,5809,341.758,395.564,398.026,37.854,54.686,,,0.0
/perception/object_recognition/detection/clustering/voxel_grid_based_euclidean_cluster/debug/cyclic_time_ms,Best-Effort,5813,341.679,395.558,398.048,37.855,54.627,,,0.0
/perception/object_recognition/detection/clustering/voxel_grid_based_euclidean_cluster/debug/pipeline_latency_ms,Best-Effort,5809,341.764,395.614,398.093,37.842,54.658,,,0.0
/perception/object_recognition/detection/clustering/voxel_grid_based_euclidean_cluster/debug/processing_time_ms,Best-Effort,5816,341.54,395.488,397.981,37.913,54.605,,,0.0
/perception/object_recognition/detection/detection_by_tracker/debug/divided_objects,Best-Effort,5809,341.733,395.521,398.001,37.851,54.683,,,0.0
/perception/object_recognition/detection/detection_by_tracker/debug/initial_objects,Best-Effort,5817,341.473,395.383,397.856,37.938,54.653,,,0.0
/perception/object_recognition/detection/detection_by_tracker/debug/merged_objects,Best-Effort,5812,341.688,395.509,397.968,37.856,54.662,,,0.0
/perception/object_recognition/detection/detection_by_tracker/debug/tracked_objects,Best-Effort,5812,341.659,395.483,397.91,37.853,54.656,,,0.0
/perception/object_recognition/detection/detection_by_tracker/detection_by_tracker/debug/cyclic_time_ms,Best-Effort,5815,341.55,395.441,397.937,37.913,54.666,,,0.0
/perception/object_recognition/detection/detection_by_tracker/detection_by_tracker/debug/processing_time_ms,Best-Effort,5806,341.737,395.529,397.998,37.853,54.699,,,0.0
/perception/object_recognition/detection/detection_by_tracker/objects/debug/published_time,Best-Effort,5815,341.592,395.48,397.973,37.914,54.668,,,0.0
/perception/object_recognition/detection/object_association_merger/debug/cyclic_time_ms,Best-Effort,11635,341.067,395.134,397.625,37.908,38.666,,,0.0
/perception/object_recognition/detection/object_association_merger/debug/processing_time_ms,Best-Effort,11611,341.224,395.208,397.719,37.853,38.684,,,0.0
/perception/object_recognition/detection/object_lanelet_filter/debug/pipeline_latency_ms,Best-Effort,5812,341.018,395.042,397.6,37.9,54.708,,,0.0
/perception/object_recognition/detection/object_lanelet_filter/debug/processing_time_ms,Best-Effort,5812,341.047,395.073,397.64,37.901,54.71,,,0.0
/perception/object_recognition/detection/objects/debug/published_time,Best-Effort,5809,341.1,395.101,397.678,37.893,54.726,,,0.0
/perception/object_recognition/detection/objects_before_filter/debug/published_time,Best-Effort,5815,341.006,395.109,397.562,37.946,54.691,,,0.0
/perception/object_recognition/detection/obstacle_pointcloud_based_validator/debug/pipeline_latency_ms,Best-Effort,5809,341.284,395.341,397.824,37.884,54.701,,,0.0
/perception/object_recognition/detection/pointcloud_map_filtered/pointcloud/debug/published_time,Best-Effort,5809,342.214,396.054,398.594,37.812,54.602,,,0.0
/perception/object_recognition/detection/temporary_merged_objects/debug/published_time,Best-Effort,5812,341.142,395.17,397.57,37.896,54.696,,,0.0
/perception/object_recognition/detection/voxel_based_compare_map_filter/debug/cyclic_time_ms,Best-Effort,5817,342.335,396.279,398.805,37.884,54.563,,,0.0
/perception/object_recognition/detection/voxel_based_compare_map_filter/debug/processing_time_ms,Best-Effort,5801,342.409,396.205,398.819,37.795,54.595,,,0.0
/perception/object_recognition/objects/debug/published_time,Best-Effort,5813,302.689,356.166,359.018,37.607,54.626,,,0.0
/perception/object_recognition/prediction/map_based_prediction/debug/cyclic_time_ms,Best-Effort,5813,302.684,356.162,359.047,37.607,54.627,,,0.0
/perception/object_recognition/prediction/map_based_prediction/debug/processing_time_detail_ms,Best-Effort,5813,302.568,356.045,358.956,37.61,54.633,,,0.0
/perception/object_recognition/prediction/map_based_prediction/debug/processing_time_ms,Best-Effort,5816,302.5,356.013,358.838,37.705,54.604,,,0.0
/perception/object_recognition/tracking/multi_object_tracker/debug/cyclic_time_ms,Best-Effort,5826,302.879,356.455,359.401,37.787,54.643,,,0.0
/perception/object_recognition/tracking/multi_object_tracker/debug/input_latency_ms,Best-Effort,5826,340.795,395.001,397.573,38.081,54.695,,,0.0
/perception/object_recognition/tracking/multi_object_tracker/debug/meas_to_tracked_object_ms,Best-Effort,5827,302.742,356.278,359.296,37.783,54.633,,,0.0
/perception/object_recognition/tracking/multi_object_tracker/debug/objects_markers,Best-Effort,5826,302.753,356.283,359.326,37.782,54.636,,,0.0
/perception/object_recognition/tracking/multi_object_tracker/debug/pipeline_latency_ms,Best-Effort,5826,302.92,356.502,359.472,37.787,54.642,,,0.0
/perception/object_recognition/tracking/multi_object_tracker/debug/processing_latency_ms,Best-Effort,5826,302.801,356.352,359.364,37.783,54.638,,,0.0
/perception/object_recognition/tracking/multi_object_tracker/debug/processing_time_ms,Best-Effort,5827,302.741,356.297,359.169,37.815,54.611,,,0.0
/perception/object_recognition/tracking/objects/debug/published_time,Best-Effort,5827,302.825,356.415,359.34,37.783,54.636,,,0.0
/perception/obstacle_segmentation/crop_box_filter/debug/cyclic_time_ms,Best-Effort,5811,288.028,368.477,399.576,50.002,60.301,,,0.0
/perception/obstacle_segmentation/crop_box_filter/debug/pipeline_latency_ms,Best-Effort,5811,288.672,368.752,399.802,49.965,59.965,,,0.0
/perception/obstacle_segmentation/crop_box_filter/debug/processing_time_ms,Best-Effort,5811,287.214,367.571,398.601,49.622,59.192,,,0.0
/perception/obstacle_segmentation/occupancy_grid_map_outlier_filter/debug/cyclic_time_ms,Best-Effort,5809,342.915,396.774,399.383,37.796,54.568,,,0.0
/perception/obstacle_segmentation/occupancy_grid_map_outlier_filter/debug/processing_time_ms,Best-Effort,5814,342.716,396.554,399.171,37.806,54.501,,,0.0
/perception/obstacle_segmentation/pointcloud_map_filtered/downsampled/pointcloud/debug/published_time,Best-Effort,5812,342.805,396.7,399.274,37.799,54.542,,,0.0
/perception/obstacle_segmentation/range_cropped/pointcloud/debug/published_time,Best-Effort,5816,290.853,369.235,399.931,49.716,59.615,,,0.0
/perception/obstacle_segmentation/scan_ground_filter/debug/cyclic_time_ms,Best-Effort,5814,346.903,400.942,403.553,37.882,54.64,,,0.0
/perception/obstacle_segmentation/scan_ground_filter/debug/processing_time_ms,Best-Effort,5803,347.045,401.015,403.642,37.865,54.689,,,0.0
/perception/obstacle_segmentation/single_frame/pointcloud/debug/published_time,Best-Effort,5805,347.122,400.968,403.611,37.8,54.609,,,0.0
/perception/occupancy_grid_map/pointcloud_based_occupancy_grid_map/debug/cyclic_time_ms,Best-Effort,5810,342.895,396.719,399.253,37.78,54.541,,,0.0
/perception/occupancy_grid_map/pointcloud_based_occupancy_grid_map/debug/pipeline_latency_ms,Best-Effort,5803,342.943,396.765,399.421,37.799,54.564,,,0.0
/perception/occupancy_grid_map/pointcloud_based_occupancy_grid_map/debug/processing_time_ms,Best-Effort,5813,342.781,396.633,399.211,37.794,54.513,,,0.0
/planning/auto_mode_status/avoidance_by_lane_change_left,Best-Effort,1563,1169.559,1396.874,1451.802,195.335,283.925,,,0.730517
/planning/auto_mode_status/avoidance_by_lane_change_right,Best-Effort,1560,1170.308,1396.377,1451.392,195.375,284.104,,,0.731081
/planning/auto_mode_status/blind_spot,Best-Effort,1588,1165.66,1410.726,1491.035,199.119,288.116,,,0.72616
/planning/auto_mode_status/crosswalk,Best-Effort,1625,1158.754,1415.731,1494.181,213.387,294.564,,,0.720213
/planning/auto_mode_status/goal_planner,Best-Effort,1584,1168.47,1404.73,1488.062,197.497,287.261,,,0.726991
/planning/auto_mode_status/intersection,Best-Effort,1603,1163.834,1412.503,1491.349,211.971,291.679,,,0.723668
/planning/auto_mode_status/intersection_occlusion,Best-Effort,1597,1166.71,1411.415,1495.006,211.315,289.286,,,0.72456
/planning/auto_mode_status/lane_change_left,Best-Effort,1570,1170.906,1399.117,1484.965,195.949,285.646,,,0.729357
/planning/auto_mode_status/lane_change_right,Best-Effort,1579,1169.427,1401.86,1487.452,196.937,286.918,,,0.727899
/planning/auto_mode_status/no_stopping_area,Best-Effort,1583,1166.232,1410.4,1491.125,198.782,286.961,,,0.727069
/planning/auto_mode_status/start_planner,Best-Effort,1592,1165.11,1407.21,1489.251,198.057,288.574,,,0.725801
/planning/auto_mode_status/static_obstacle_avoidance_left,Best-Effort,1616,1158.04,1412.621,1489.147,200.483,292.228,,,0.721667
/planning/auto_mode_status/static_obstacle_avoidance_right,Best-Effort,1603,1160.317,1408.243,1488.229,198.678,289.518,,,0.723954
/planning/auto_mode_status/traffic_light,Best-Effort,1614,1163.21,1412.716,1491.012,212.137,292.612,,,0.721772
/planning/cooperate_status/avoidance_by_lane_change_left,Best-Effort,1631,1157.258,1388.341,1443.652,200.972,286.861,,,0.71889
/planning/cooperate_status/avoidance_by_lane_change_right,Best-Effort,1628,1156.188,1387.665,1443.173,194.666,290.315,,,0.718923
/planning/cooperate_status/blind_spot,Best-Effort,1728,1164.364,1389.502,1466.451,203.235,299.861,,,0.701966
/planning/cooperate_status/crosswalk,Best-Effort,1706,1159.24,1387.339,1465.59,202.687,296.98,,,0.705913
/planning/cooperate_status/goal_planner,Best-Effort,1615,1160.489,1388.53,1445.505,206.3,285.623,,,0.721648
/planning/cooperate_status/intersection,Best-Effort,1725,1163.08,1388.17,1462.34,203.593,299.435,,,0.702227
/planning/cooperate_status/intersection_occlusion,Best-Effort,1725,1163.527,1388.138,1462.317,202.608,299.529,,,0.70233
/planning/cooperate_status/lane_change_left,Best-Effort,1623,1157.097,1387.501,1443.347,194.779,290.025,,,0.720172
/planning/cooperate_status/lane_change_right,Best-Effort,1618,1157.671,1387.773,1443.624,194.706,289.739,,,0.720842
/planning/cooperate_status/no_stopping_area,Best-Effort,1732,1165.037,1390.676,1468.233,203.424,300.45,,,0.701225
/planning/cooperate_status/start_planner,Best-Effort,1614,1160.695,1388.932,1445.794,206.411,285.575,,,0.72182
/planning/cooperate_status/static_obstacle_avoidance_left,Best-Effort,1608,1158.913,1388.806,1444.627,195.017,289.037,,,0.722759
/planning/cooperate_status/static_obstacle_avoidance_right,Best-Effort,1606,1159.138,1388.998,1444.665,194.961,288.764,,,0.723056
/planning/cooperate_status/traffic_light,Best-Effort,1719,1162.393,1387.863,1463.2,202.077,298.582,,,0.703006
/planning/debug/objects_of_interest/blind_spot,Best-Effort,1730,1166.171,1389.275,1468.664,213.267,295.891,,,0.701878
/planning/debug/objects_of_interest/crosswalk,Best-Effort,1707,1159.144,1387.342,1465.52,202.727,296.932,,,0.705537
/planning/debug/objects_of_interest/goal_planner,Best-Effort,402,1174.608,1390.947,1428.155,276.471,322.655,,,0.704194
/planning/debug/objects_of_interest/intersection,Best-Effort,1726,1164.421,1388.557,1466.617,208.389,295.692,,,0.702516
/planning/debug/objects_of_interest/no_stopping_area,Best-Effort,1733,1165.223,1390.663,1468.251,203.038,300.945,,,0.700897
/planning/debug/objects_of_interest/obstacle_cruise,Best-Effort,1381,1250.807,1490.302,1563.994,202.435,250.501,,,0.761197
/planning/debug/objects_of_interest/obstacle_slow_down,Best-Effort,1461,1217.467,1475.083,1550.896,207.882,268.266,,,0.747712
/planning/debug/objects_of_interest/obstacle_stop,Best-Effort,1509,1180.965,1455.168,1478.022,206.832,273.262,,,0.739288
/planning/debug/objects_of_interest/traffic_light,Best-Effort,1719,1161.662,1387.097,1463.118,202.491,298.648,,,0.703314
/planning/hazard_lights_cmd,Best-Effort,1689,1146.867,1384.302,1438.798,194.577,295.981,,,0.708492
/planning/planning_evaluator/debug/processing_time_ms,Best-Effort,1598,1164.338,1408.679,1489.082,210.084,286.201,,,0.724625
/planning/planning_evaluator/metrics,Best-Effort,1589,1162.527,1400.775,1444.356,197.27,287.275,,,0.725609
/planning/planning_factors/avoidance_by_lane_change,Best-Effort,1632,1156.005,1387.917,1442.986,194.777,290.623,,,0.718281
/planning/planning_factors/behavior_path_planner,Best-Effort,1688,1148.22,1384.892,1439.761,194.567,296.132,,,0.708966
/planning/planning_factors/blind_spot,Best-Effort,1727,1163.56,1388.058,1462.04,202.56,299.617,,,0.701882
/planning/planning_factors/crosswalk,Best-Effort,1704,1162.536,1388.412,1476.39,218.019,292.966,,,0.706409
/planning/planning_factors/detection_area,Best-Effort,1729,1164.51,1390.395,1466.408,202.83,300.247,,,0.701536
/planning/planning_factors/dynamic_obstacle_stop,Best-Effort,1260,1261.921,1484.194,1564.921,200.874,239.64,,,0.781931
/planning/planning_factors/goal_planner,Best-Effort,1614,1158.036,1387.982,1444.112,194.83,289.47,,,0.721724
/planning/planning_factors/intersection,Best-Effort,1721,1162.365,1387.862,1462.887,202.238,298.995,,,0.702917
/planning/planning_factors/lane_change_left,Best-Effort,1625,1156.845,1387.816,1443.25,194.806,290.172,,,0.719489
/planning/planning_factors/lane_change_right,Best-Effort,1619,1157.583,1387.644,1443.527,194.656,289.769,,,0.720766
/planning/planning_factors/no_stopping_area,Best-Effort,1730,1165.229,1391.43,1468.46,203.462,300.525,,,0.701673
/planning/planning_factors/obstacle_cruise,Best-Effort,1379,1255.568,1489.433,1561.338,201.582,249.45,,,0.761419
/planning/planning_factors/obstacle_slow_down,Best-Effort,1442,1218.486,1476.234,1551.066,207.552,264.797,,,0.750907
/planning/planning_factors/obstacle_stop,Best-Effort,1513,1184.544,1455.694,1478.469,206.379,272.452,,,0.738462
/planning/planning_factors/out_of_lane,Best-Effort,1251,1258.089,1483.088,1564.822,199.367,236.507,,,0.783564
/planning/planning_factors/run_out,Best-Effort,1749,1164.41,1392.33,1467.344,203.347,302.799,,,0.698084
/planning/planning_factors/side_shift,Best-Effort,1612,1158.174,1388.641,1444.672,195.544,289.017,,,0.721925
/planning/planning_factors/start_planner,Best-Effort,1614,1158.207,1388.518,1444.342,194.935,289.657,,,0.721724
/planning/planning_factors/static_obstacle_avoidance,Best-Effort,1611,1158.339,1388.484,1444.592,194.869,289.033,,,0.721906
/planning/planning_factors/stop_line,Best-Effort,1735,1164.991,1391.073,1468.108,203.386,300.733,,,0.700862
/planning/planning_factors/traffic_light,Best-Effort,1718,1160.634,1386.931,1451.001,202.358,298.259,,,0.703435
/planning/planning_factors/virtual_traffic_light,Best-Effort,1730,1165.94,1392.449,1470.251,208.879,296.881,,,0.701827
/planning/planning_factors/walkway,Best-Effort,1709,1159.371,1387.124,1465.42,202.904,297.548,,,0.705192
/planning/planning_validator/debug/marker,Best-Effort,1318,1250.667,1477.142,1562.543,219.752,247.06,,,0.772641
/planning/planning_validator/debug/processing_time_ms,Best-Effort,1318,1248.887,1476.932,1558.179,213.834,247.6,,,0.772602
/planning/planning_validator/validation_status,Best-Effort,1316,1247.996,1476.228,1557.562,206.747,252.574,,,0.772554
/planning/planning_validator/virtual_wall,Best-Effort,1315,1248.094,1476.292,1557.547,206.777,252.509,,,0.772727
/planning/scenario_planning/lane_driving/behavior_planning/behavior_path_planner/debug/avoidance_by_lane_change,Best-Effort,1724,1161.994,1387.161,1450.565,202.348,298.459,,,0.702348
/planning/scenario_planning/lane_driving/behavior_planning/behavior_path_planner/debug/avoidance_by_lane_change/processing_time_ms,Best-Effort,1713,1159.427,1386.771,1451.52,202.535,297.987,,,0.704502
/planning/scenario_planning/lane_driving/behavior_planning/behavior_path_planner/debug/bound,Best-Effort,1687,1159.181,1386.781,1441.184,193.53,294.622,,,0.708736
/planning/scenario_planning/lane_driving/behavior_planning/behavior_path_planner/debug/goal_planner,Best-Effort,1721,1160.823,1386.725,1450.962,202.557,299.099,,,0.702917
/planning/scenario_planning/lane_driving/behavior_planning/behavior_path_planner/debug/goal_planner/processing_time_ms,Best-Effort,1706,1159.689,1386.946,1452.114,202.445,296.924,,,0.705456
/planning/scenario_planning/lane_driving/behavior_planning/behavior_path_planner/debug/internal_state,Best-Effort,1708,1161.048,1387.322,1470.035,213.741,292.972,,,0.705669
/planning/scenario_planning/lane_driving/behavior_planning/behavior_path_planner/debug/lane_change_left,Best-Effort,1723,1161.812,1387.086,1450.711,202.401,298.559,,,0.702521
/planning/scenario_planning/lane_driving/behavior_planning/behavior_path_planner/debug/lane_change_left/processing_time_ms,Best-Effort,1704,1159.094,1387.108,1452.511,202.625,296.922,,,0.706004
/planning/scenario_planning/lane_driving/behavior_planning/behavior_path_planner/debug/lane_change_right,Best-Effort,1721,1162.503,1386.869,1469.197,213.051,294.508,,,0.703429
/planning/scenario_planning/lane_driving/behavior_planning/behavior_path_planner/debug/lane_change_right/processing_time_ms,Best-Effort,1706,1159.335,1387.025,1452.406,202.527,297.047,,,0.705456
/planning/scenario_planning/lane_driving/behavior_planning/behavior_path_planner/debug/root_reference_path,Best-Effort,1526,1177.558,1394.868,1471.948,210.789,274.901,,,0.737033
/planning/scenario_planning/lane_driving/behavior_planning/behavior_path_planner/debug/side_shift,Best-Effort,1716,1160.064,1386.488,1451.224,202.449,298.236,,,0.703883
/planning/scenario_planning/lane_driving/behavior_planning/behavior_path_planner/debug/side_shift/processing_time_ms,Best-Effort,1713,1158.996,1386.788,1451.515,202.731,298.134,,,0.704706
/planning/scenario_planning/lane_driving/behavior_planning/behavior_path_planner/debug/start_planner,Best-Effort,1717,1159.898,1386.705,1451.192,202.935,298.113,,,0.703914
/planning/scenario_planning/lane_driving/behavior_planning/behavior_path_planner/debug/start_planner/processing_time_ms,Best-Effort,1710,1161.661,1387.089,1469.352,212.993,293.865,,,0.705325
/planning/scenario_planning/lane_driving/behavior_planning/behavior_path_planner/debug/static_obstacle_avoidance,Best-Effort,1717,1160.073,1386.667,1451.192,202.573,298.528,,,0.703557
/planning/scenario_planning/lane_driving/behavior_planning/behavior_path_planner/debug/static_obstacle_avoidance/processing_time_ms,Best-Effort,1716,1162.908,1387.307,1470.17,217.541,294.345,,,0.704342
/planning/scenario_planning/lane_driving/behavior_planning/behavior_path_planner/debug/total_time/processing_time_ms,Best-Effort,1716,1159.662,1386.618,1451.236,202.485,298.437,,,0.703985
/planning/scenario_planning/lane_driving/behavior_planning/behavior_path_planner/debug/turn_signal_info,Best-Effort,1692,1150.045,1385.652,1449.137,206.138,292.278,,,0.708427
/planning/scenario_planning/lane_driving/behavior_planning/behavior_path_planner/info/avoidance_by_lane_change,Best-Effort,1722,1161.453,1387.117,1450.744,202.325,298.309,,,0.702847
/planning/scenario_planning/lane_driving/behavior_planning/behavior_path_planner/info/goal_planner,Best-Effort,1718,1160.135,1386.905,1451.09,202.939,298.117,,,0.703742
/planning/scenario_planning/lane_driving/behavior_planning/behavior_path_planner/info/lane_change_left,Best-Effort,1720,1161.033,1386.968,1450.875,202.674,298.05,,,0.703346
/planning/scenario_planning/lane_driving/behavior_planning/behavior_path_planner/info/lane_change_right,Best-Effort,1721,1160.888,1386.999,1450.819,202.345,298.479,,,0.703122
/planning/scenario_planning/lane_driving/behavior_planning/behavior_path_planner/info/side_shift,Best-Effort,1716,1160.456,1386.362,1451.248,202.509,298.574,,,0.703678
/planning/scenario_planning/lane_driving/behavior_planning/behavior_path_planner/info/start_planner,Best-Effort,1720,1161.028,1386.464,1451.038,202.258,298.473,,,0.702987
/planning/scenario_planning/lane_driving/behavior_planning/behavior_path_planner/info/static_obstacle_avoidance,Best-Effort,1718,1160.315,1386.675,1451.108,202.452,298.367,,,0.703333
/planning/scenario_planning/lane_driving/behavior_planning/behavior_path_planner/processing_time/goal_planner,Best-Effort,1205,1176.04,1391.695,1428.982,276.181,186.989,,,0.707098
/planning/scenario_planning/lane_driving/behavior_planning/behavior_path_planner/virtual_wall/avoidance_by_lane_change,Best-Effort,1724,1164.052,1388.303,1462.499,202.414,299.274,,,0.702451
/planning/scenario_planning/lane_driving/behavior_planning/behavior_path_planner/virtual_wall/goal_planner,Best-Effort,1723,1163.384,1387.961,1462.548,202.499,299.411,,,0.702469
/planning/scenario_planning/lane_driving/behavior_planning/behavior_path_planner/virtual_wall/lane_change_left,Best-Effort,1725,1163.686,1387.909,1462.378,202.419,299.506,,,0.702124
/planning/scenario_planning/lane_driving/behavior_planning/behavior_path_planner/virtual_wall/lane_change_right,Best-Effort,1723,1163.647,1387.922,1462.573,202.448,299.25,,,0.702572
/planning/scenario_planning/lane_driving/behavior_planning/behavior_path_planner/virtual_wall/side_shift,Best-Effort,1725,1162.404,1387.647,1450.394,202.575,299.256,,,0.702124
/planning/scenario_planning/lane_driving/behavior_planning/behavior_path_planner/virtual_wall/start_planner,Best-Effort,1722,1162.519,1387.803,1450.614,202.458,299.139,,,0.703001
/planning/scenario_planning/lane_driving/behavior_planning/behavior_path_planner/virtual_wall/static_obstacle_avoidance,Best-Effort,1724,1162.754,1387.707,1462.544,202.462,299.298,,,0.702297
/planning/scenario_planning/lane_driving/behavior_planning/behavior_velocity_planner/debug/blind_spot,Best-Effort,1727,1163.848,1388.017,1462.061,202.476,299.373,,,0.701882
/planning/scenario_planning/lane_driving/behavior_planning/behavior_velocity_planner/debug/blind_spot/processing_time_ms,Best-Effort,1728,1164.291,1387.908,1461.823,202.319,299.47,,,0.701451
/planning/scenario_planning/lane_driving/behavior_planning/behavior_velocity_planner/debug/crosswalk,Best-Effort,1702,1159.117,1387.291,1470.044,203.051,296.767,,,0.706248
/planning/scenario_planning/lane_driving/behavior_planning/behavior_velocity_planner/debug/crosswalk/processing_time_ms,Best-Effort,1704,1159.323,1387.167,1465.613,202.801,297.136,,,0.706004
/planning/scenario_planning/lane_driving/behavior_planning/behavior_velocity_planner/debug/detection_area,Best-Effort,1729,1164.213,1390.37,1466.382,203.236,299.944,,,0.701845
/planning/scenario_planning/lane_driving/behavior_planning/behavior_velocity_planner/debug/detection_area/processing_time_ms,Best-Effort,1729,1164.735,1390.631,1466.294,202.868,300.402,,,0.701433
/planning/scenario_planning/lane_driving/behavior_planning/behavior_velocity_planner/debug/intersection,Best-Effort,1723,1162.753,1387.976,1462.583,202.413,299.302,,,0.702418
/planning/scenario_planning/lane_driving/behavior_planning/behavior_velocity_planner/debug/intersection/decision_state,Best-Effort,1726,1163.598,1388.165,1462.259,202.568,299.645,,,0.7019
/planning/scenario_planning/lane_driving/behavior_planning/behavior_velocity_planner/debug/intersection/processing_time_ms,Best-Effort,1724,1163.537,1387.991,1462.541,202.353,299.462,,,0.702245
/planning/scenario_planning/lane_driving/behavior_planning/behavior_velocity_planner/debug/no_stopping_area,Best-Effort,1729,1165.301,1390.947,1468.52,202.944,300.609,,,0.701536
/planning/scenario_planning/lane_driving/behavior_planning/behavior_velocity_planner/debug/no_stopping_area/processing_time_ms,Best-Effort,1733,1164.762,1390.696,1468.248,203.525,300.792,,,0.701258
/planning/scenario_planning/lane_driving/behavior_planning/behavior_velocity_planner/debug/path,Best-Effort,1610,1227.816,1461.526,1492.581,216.899,277.522,,,0.722557
/planning/scenario_planning/lane_driving/behavior_planning/behavior_velocity_planner/debug/processing_time_detail_ms/blind_spot,Best-Effort,1729,1163.893,1387.847,1461.656,202.475,299.616,,,0.701382
/planning/scenario_planning/lane_driving/behavior_planning/behavior_velocity_planner/debug/processing_time_detail_ms/crosswalk,Best-Effort,1706,1159.08,1387.181,1465.672,202.906,297.161,,,0.705659
/planning/scenario_planning/lane_driving/behavior_planning/behavior_velocity_planner/debug/processing_time_detail_ms/detection_area,Best-Effort,1729,1164.958,1391.705,1468.577,202.973,300.615,,,0.701382
/planning/scenario_planning/lane_driving/behavior_planning/behavior_velocity_planner/debug/processing_time_detail_ms/intersection,Best-Effort,1727,1165.968,1389.815,1470.842,217.861,295.757,,,0.702447
/planning/scenario_planning/lane_driving/behavior_planning/behavior_velocity_planner/debug/processing_time_detail_ms/no_stopping_area,Best-Effort,1733,1165.065,1391.278,1468.296,202.947,300.869,,,0.700691
/planning/scenario_planning/lane_driving/behavior_planning/behavior_velocity_planner/debug/processing_time_detail_ms/run_out,Best-Effort,1733,1174.925,1396.951,1470.552,202.79,300.072,,,0.700691
/planning/scenario_planning/lane_driving/behavior_planning/behavior_velocity_planner/debug/processing_time_detail_ms/stop_line,Best-Effort,1738,1165.162,1392.472,1467.957,203.196,301.768,,,0.700138
/planning/scenario_planning/lane_driving/behavior_planning/behavior_velocity_planner/debug/processing_time_detail_ms/virtual_traffic_light,Best-Effort,1730,1164.826,1391.494,1468.408,203.565,300.641,,,0.701776
/planning/scenario_planning/lane_driving/behavior_planning/behavior_velocity_planner/debug/processing_time_detail_ms/walkway,Best-Effort,1709,1159.231,1386.858,1451.816,203.177,297.331,,,0.705345
/planning/scenario_planning/lane_driving/behavior_planning/behavior_velocity_planner/debug/run_out,Best-Effort,1733,1174.786,1396.499,1468.821,202.791,300.078,,,0.700691
/planning/scenario_planning/lane_driving/behavior_planning/behavior_velocity_planner/debug/run_out/accel_reason,Best-Effort,1748,1164.281,1391.961,1467.414,203.329,302.684,,,0.698413
/planning/scenario_planning/lane_driving/behavior_planning/behavior_velocity_planner/debug/run_out/debug_values,Best-Effort,1747,1164.357,1391.738,1467.487,203.225,302.425,,,0.698273
/planning/scenario_planning/lane_driving/behavior_planning/behavior_velocity_planner/debug/run_out/processing_time_ms,Best-Effort,1732,1175.444,1396.994,1470.611,202.513,299.912,,,0.700708
/planning/scenario_planning/lane_driving/behavior_planning/behavior_velocity_planner/debug/stop_line,Best-Effort,1737,1167.056,1391.644,1471.644,213.53,297.167,,,0.700672
/planning/scenario_planning/lane_driving/behavior_planning/behavior_velocity_planner/debug/stop_line/processing_time_ms,Best-Effort,1738,1165.26,1391.464,1468.004,203.077,301.467,,,0.700086
/planning/scenario_planning/lane_driving/behavior_planning/behavior_velocity_planner/debug/traffic_light,Best-Effort,1718,1160.076,1386.867,1450.917,202.838,297.523,,,0.703691
/planning/scenario_planning/lane_driving/behavior_planning/behavior_velocity_planner/debug/virtual_traffic_light,Best-Effort,1729,1165.211,1391.598,1468.503,202.862,300.684,,,0.701382
/planning/scenario_planning/lane_driving/behavior_planning/behavior_velocity_planner/debug/virtual_traffic_light/processing_time_ms,Best-Effort,1730,1165.376,1391.559,1468.601,202.964,300.895,,,0.701209
/planning/scenario_planning/lane_driving/behavior_planning/behavior_velocity_planner/debug/walkway,Best-Effort,1709,1159.145,1387.084,1464.511,202.902,297.371,,,0.704938
/planning/scenario_planning/lane_driving/behavior_planning/behavior_velocity_planner/debug/walkway/processing_time_ms,Best-Effort,1708,1159.987,1386.875,1451.901,202.58,297.515,,,0.704958
/planning/scenario_planning/lane_driving/behavior_planning/behavior_velocity_planner/virtual_wall/blind_spot,Best-Effort,1727,1164.087,1387.93,1461.98,202.362,299.544,,,0.701676
/planning/scenario_planning/lane_driving/behavior_planning/behavior_velocity_planner/virtual_wall/crosswalk,Best-Effort,1703,1159.46,1387.745,1469.884,202.818,296.976,,,0.705821
/planning/scenario_planning/lane_driving/behavior_planning/behavior_velocity_planner/virtual_wall/detection_area,Best-Effort,1729,1164.339,1390.209,1466.336,203.276,300.008,,,0.701845
/planning/scenario_planning/lane_driving/behavior_planning/behavior_velocity_planner/virtual_wall/intersection,Best-Effort,1723,1163.242,1388.033,1462.637,202.364,299.34,,,0.702418
/planning/scenario_planning/lane_driving/behavior_planning/behavior_velocity_planner/virtual_wall/no_stopping_area,Best-Effort,1731,1165.088,1390.806,1468.409,202.973,300.668,,,0.701294
/planning/scenario_planning/lane_driving/behavior_planning/behavior_velocity_planner/virtual_wall/run_out,Best-Effort,1731,1174.991,1397.021,1470.799,202.721,300.113,,,0.700985
/planning/scenario_planning/lane_driving/behavior_planning/behavior_velocity_planner/virtual_wall/stop_line,Best-Effort,1736,1165.375,1391.558,1468.02,202.774,301.068,,,0.700121
/planning/scenario_planning/lane_driving/behavior_planning/behavior_velocity_planner/virtual_wall/traffic_light,Best-Effort,1717,1161.249,1386.778,1463.382,202.233,298.202,,,0.703403
/planning/scenario_planning/lane_driving/behavior_planning/behavior_velocity_planner/virtual_wall/virtual_traffic_light,Best-Effort,1729,1165.639,1391.567,1468.511,202.851,300.694,,,0.70133
/planning/scenario_planning/lane_driving/behavior_planning/behavior_velocity_planner/virtual_wall/walkway,Best-Effort,1711,1161.599,1387.458,1469.82,213.228,293.99,,,0.705153
/planning/scenario_planning/lane_driving/behavior_planning/debug/traffic_signal,Best-Effort,1717,1161.596,1387.334,1463.407,202.277,298.452,,,0.703403
/planning/scenario_planning/lane_driving/behavior_planning/path/debug/published_time,Best-Effort,1740,1174.984,1397.15,1472.532,208.829,296.992,,,0.700103
/planning/scenario_planning/lane_driving/behavior_planning/path_with_lane_id/debug/published_time,Best-Effort,1697,1158.287,1387.582,1466.34,194.064,296.511,,,0.707212
/planning/scenario_planning/lane_driving/motion_planning/elastic_band_smoother/debug/calculation_time,Best-Effort,1414,1192.91,1415.807,1477.932,200.079,256.452,,,0.755448
/planning/scenario_planning/lane_driving/motion_planning/elastic_band_smoother/debug/eb_fixed_traj,Best-Effort,1715,1174.594,1395.998,1467.23,202.193,296.627,,,0.703748
/planning/scenario_planning/lane_driving/motion_planning/elastic_band_smoother/debug/eb_traj,Best-Effort,1551,1185.487,1404.268,1475.173,200.841,275.521,,,0.731846
/planning/scenario_planning/lane_driving/motion_planning/elastic_band_smoother/debug/processing_time_ms,Best-Effort,1386,1193.765,1416.414,1478.164,200.005,251.643,,,0.760291
/planning/scenario_planning/lane_driving/motion_planning/motion_velocity_planner/cruise/metrics,Best-Effort,1381,1252.758,1491.569,1564.035,202.185,250.388,,,0.761155
/planning/scenario_planning/lane_driving/motion_planning/motion_velocity_planner/debug/cruise_planning_info,Best-Effort,1383,1249.534,1490.151,1564.043,203.56,250.815,,,0.761016
/planning/scenario_planning/lane_driving/motion_planning/motion_velocity_planner/debug/dynamic_obstacle_stop/processing_time_ms,Best-Effort,1259,1261.867,1484.3,1565.091,201.583,239.449,,,0.782443
/planning/scenario_planning/lane_driving/motion_planning/motion_velocity_planner/debug/dynamic_obstacle_stop/processing_time_ms_diag,Best-Effort,1256,1262.892,1484.24,1565.152,200.243,239.324,,,0.782548
/planning/scenario_planning/lane_driving/motion_planning/motion_velocity_planner/debug/obstacle_cruise/processing_time_ms,Best-Effort,1381,1253.848,1491.639,1564.074,201.988,250.143,,,0.761114
/planning/scenario_planning/lane_driving/motion_planning/motion_velocity_planner/debug/obstacle_slow_down/processing_time_ms,Best-Effort,1453,1221.012,1476.098,1551.573,206.676,265.529,,,0.748659
/planning/scenario_planning/lane_driving/motion_planning/motion_velocity_planner/debug/obstacle_stop/processing_time_ms,Best-Effort,1509,1184.669,1455.854,1478.529,206.203,272.364,,,0.738972
/planning/scenario_planning/lane_driving/motion_planning/motion_velocity_planner/debug/obstacle_velocity_limiter/processing_time_ms,Best-Effort,1254,1267.252,1485.923,1571.332,219.617,231.211,,,0.783494
/planning/scenario_planning/lane_driving/motion_planning/motion_velocity_planner/debug/obstacle_velocity_limiter/processing_time_ms_diag,Best-Effort,1250,1263.647,1484.522,1565.571,199.019,237.015,,,0.783625
/planning/scenario_planning/lane_driving/motion_planning/motion_velocity_planner/debug/out_of_lane/processing_time_ms,Best-Effort,1257,1261.317,1484.525,1567.776,213.43,230.509,,,0.782939
/planning/scenario_planning/lane_driving/motion_planning/motion_velocity_planner/debug/out_of_lane/processing_time_ms_diag,Best-Effort,1252,1258.102,1484.298,1564.843,199.311,236.526,,,0.783503
/planning/scenario_planning/lane_driving/motion_planning/motion_velocity_planner/debug/processing_time_detail_ms/obstacle_cruise,Best-Effort,1383,1256.97,1491.788,1565.965,214.733,244.725,,,0.761181
/planning/scenario_planning/lane_driving/motion_planning/motion_velocity_planner/debug/processing_time_detail_ms/obstacle_slow_down,Best-Effort,1429,1219.876,1477.639,1551.219,206.504,262.769,,,0.752597
/planning/scenario_planning/lane_driving/motion_planning/motion_velocity_planner/debug/processing_time_detail_ms/obstacle_stop,Best-Effort,1512,1185.54,1455.602,1478.511,206.113,272.434,,,0.738454
/planning/scenario_planning/lane_driving/motion_planning/motion_velocity_planner/debug/processing_time_ms,Best-Effort,1262,1263.693,1485.072,1566.299,208.472,234.093,,,0.782038
/planning/scenario_planning/lane_driving/motion_planning/motion_velocity_planner/debug/processing_time_ms_diag,Best-Effort,1259,1263.033,1484.161,1564.75,200.334,239.407,,,0.782029
/planning/scenario_planning/lane_driving/motion_planning/motion_velocity_planner/debug/slow_down_planning_info,Best-Effort,1454,1220.436,1475.608,1551.62,206.639,265.598,,,0.748443
/planning/scenario_planning/lane_driving/motion_planning/motion_velocity_planner/debug/stop_planning_info,Best-Effort,1509,1183.047,1455.61,1478.482,206.362,272.278,,,0.739153
/planning/scenario_planning/lane_driving/motion_planning/motion_velocity_planner/dynamic_obstacle_stop/debug_markers,Best-Effort,1255,1262.353,1484.297,1565.296,201.148,238.496,,,0.783097
/planning/scenario_planning/lane_driving/motion_planning/motion_velocity_planner/dynamic_obstacle_stop/virtual_walls,Best-Effort,1257,1262.002,1484.213,1565.212,201.306,238.745,,,0.782751
/planning/scenario_planning/lane_driving/motion_planning/motion_velocity_planner/metrics,Best-Effort,1263,1261.764,1483.972,1564.603,202.082,240.792,,,0.781828
/planning/scenario_planning/lane_driving/motion_planning/motion_velocity_planner/obstacle_cruise/debug_markers,Best-Effort,1376,1246.228,1480.78,1552.03,199.752,242.523,,,0.762102
/planning/scenario_planning/lane_driving/motion_planning/motion_velocity_planner/obstacle_cruise/virtual_walls,Best-Effort,1379,1252.171,1490.608,1564.492,202.474,250.994,,,0.761336
/planning/scenario_planning/lane_driving/motion_planning/motion_velocity_planner/obstacle_slow_down/debug_markers,Best-Effort,1452,1213.486,1461.44,1482.795,200.89,258.009,,,0.748789
/planning/scenario_planning/lane_driving/motion_planning/motion_velocity_planner/obstacle_slow_down/virtual_walls,Best-Effort,1463,1217.407,1475.001,1550.846,207.925,268.884,,,0.747454
/planning/scenario_planning/lane_driving/motion_planning/motion_velocity_planner/obstacle_stop/debug_markers,Best-Effort,1507,1179.943,1454.322,1478.15,206.591,272.893,,,0.739273
/planning/scenario_planning/lane_driving/motion_planning/motion_velocity_planner/obstacle_stop/virtual_walls,Best-Effort,1508,1183.266,1455.246,1478.558,206.209,272.092,,,0.7391
/planning/scenario_planning/lane_driving/motion_planning/motion_velocity_planner/obstacle_velocity_limiter/debug_markers,Best-Effort,1250,1262.886,1484.304,1565.573,199.022,235.885,,,0.783662
/planning/scenario_planning/lane_driving/motion_planning/motion_velocity_planner/obstacle_velocity_limiter/virtual_walls,Best-Effort,1251,1259.12,1483.992,1564.753,198.753,236.701,,,0.783377
/planning/scenario_planning/lane_driving/motion_planning/motion_velocity_planner/out_of_lane/debug_markers,Best-Effort,1252,1255.021,1473.184,1558.202,197.858,230.528,,,0.783728
/planning/scenario_planning/lane_driving/motion_planning/motion_velocity_planner/slow_down/metrics,Best-Effort,1457,1219.323,1475.512,1550.964,207.136,266.63,,,0.748229
/planning/scenario_planning/lane_driving/motion_planning/motion_velocity_planner/stop/metrics,Best-Effort,1510,1181.235,1455.187,1478.065,206.759,273.339,,,0.73907
/planning/scenario_planning/lane_driving/motion_planning/motion_velocity_planner/trajectory/debug/published_time,Best-Effort,1259,1262.958,1484.195,1564.837,200.157,239.375,,,0.781991
/planning/scenario_planning/lane_driving/motion_planning/path_optimizer/debug/extended_traj,Best-Effort,1480,1185.611,1458.034,1481.666,212.581,265.093,,,0.744607
/planning/scenario_planning/lane_driving/motion_planning/path_optimizer/debug/mpt_fixed_traj,Best-Effort,1465,1185.733,1450.083,1478.397,204.49,264.516,,,0.746978
/planning/scenario_planning/lane_driving/motion_planning/path_optimizer/debug/mpt_ref_traj,Best-Effort,1464,1176.957,1414.643,1470.439,202.536,261.803,,,0.746713
/planning/scenario_planning/lane_driving/motion_planning/path_optimizer/debug/mpt_traj,Best-Effort,1465,1185.821,1448.507,1478.344,204.243,263.827,,,0.747109
/planning/scenario_planning/lane_driving/motion_planning/path_optimizer/debug/processing_time_detail_ms,Best-Effort,1485,1185.783,1457.183,1480.984,212.573,265.689,,,0.743745
/planning/scenario_planning/lane_driving/motion_planning/path_optimizer/debug/processing_time_ms,Best-Effort,1483,1183.749,1457.09,1480.254,206.084,270.447,,,0.74378
/planning/scenario_planning/lane_driving/motion_planning/path_optimizer/trajectory/debug/published_time,Best-Effort,1483,1184.767,1456.789,1480.001,205.864,270.327,,,0.74347
/planning/scenario_planning/lane_driving/motion_planning/path_smoother/path/debug/published_time,Best-Effort,1374,1193.824,1416.657,1477.773,207.241,243.421,,,0.762899
/planning/scenario_planning/parking/costmap_generator/debug/processing_time_ms,Best-Effort,1644,1160.702,1422.06,1498.953,228.872,294.946,,,0.71704
/planning/scenario_planning/parking/is_completed,Best-Effort,1625,1161.154,1418.043,1491.18,212.37,293.935,,,0.719537
/planning/scenario_planning/parking/processing_time,Best-Effort,1612,1160.603,1410.779,1490.701,212.717,295.337,,,0.721781
/planning/scenario_planning/scenario_selector/debug/processing_time_ms,Best-Effort,1634,1155.614,1420.52,1493.827,203.116,296.693,,,0.718422
/planning/scenario_planning/scenario_selector/trajectory/debug/published_time,Best-Effort,1265,1261.283,1483.36,1564.191,202.496,241.171,,,0.781444
/planning/scenario_planning/status/infrastructure_commands,Best-Effort,1730,1165.082,1391.52,1468.553,203.056,300.809,,,0.701415
/planning/scenario_planning/velocity_smoother/debug/processing_time_detail_ms,Best-Effort,1315,1248.082,1477.041,1557.699,206.961,252.803,,,0.772609
/planning/scenario_planning/velocity_smoother/debug/processing_time_ms,Best-Effort,1315,1247.598,1476.867,1557.912,206.863,252.745,,,0.772649
/planning/scenario_planning/velocity_smoother/trajectory/debug/published_time,Best-Effort,1314,1247.627,1477.002,1558.048,206.77,252.619,,,0.7729
/planning/turn_indicators_cmd,Best-Effort,1690,1150.206,1385.104,1441.377,210.729,292.217,,,0.708822
/sensing/camera/main/camera_info,Best-Effort,5823,264.831,307.552,312.562,37.402,55.435,,,0.0
/sensing/lidar/concatenate_data_synchronizer/debug/cyclic_time_ms,Best-Effort,5810,314.465,398.793,402.902,50.139,68.191,,,0.0
/sensing/lidar/concatenate_data_synchronizer/debug/processing_time_ms,Best-Effort,5818,313.537,398.715,402.73,50.129,68.601,,,0.0
/sensing/lidar/concatenate_data_synchronizer/debug/sensing/lidar/top/pointcloud_before_sync/pipeline_latency_ms,Best-Effort,5818,314.606,398.773,402.859,50.085,69.019,,,0.0
/system/mrm/comfortable_stop/status,Best-Effort,5952,0.973,1.29,1.446,15.998,9.997,,,0.0
/system/operation_mode/availability,Best-Effort,5944,0.719,1.334,1.882,5.229,4.755,,,0.0
/parameter_events,Unknown,4,0.018,0.06,0.068,0.03,0.033,,,
